Canada,53
Brazil,5
Hungary,5
MN,3
Italy,57
GA,3
USA,276
Jamaica,1
CH,1
Nepal,1
FR,1
France,115
Georgia,6
Slovakia,3
Ireland,2
PK,1
Argentina,9
Norway,26
BA,1
PR,2
MS,1
Israel,1
Australia,25
Iran,14
LA,2
IN,1
RS,2
Turkey,2
NC,16
NE,2
TN,3
Slovenia,2
PA,13
Germany,73
Chile,6
NL,3
Belgium,24
China,23
CA,15
Spain,37
EC,1
VA,4
VI,1
Netherlands,28
CO,1
Brasil,3
AG,4
Pakistan,1
Denmark,2
Poland,12
IR,1
AL,2
Macedonia,1
Morocco,1
Sweden,49
GD,1
Croatia,1
IL,13
Finland,13
Thailand,1
Switzerland,6
MA,5
AZ,4
SA,2
Jersey,12
KY,3
MD,12
Romania,2
KG,1
Portugal,6
Mexico,14
MO,3
Singapore,5
India,16
US,2
SK,1
Austria,11
AR,1
UK,86
Greece,1
Paraguay,2
Japan,232
Taiwan,6
UA,3
SE,2
